"","Experiment","Location","Temperature","Depth","Bottle","Timepoint","Treatment","Target_DOC_Amendment","Inoculum_L","Media_L","Datetime","TOC_Sample","Parallel_Sample","Cell_Sample","DNA_Sample","DNA_SampleID","Cells_ml","cells_L","interv","dur","days","cells_sd","ln_cells","diff_ln_cells","exp_start","exp_end","ln_cells_exp_start","ln_cells_exp_end","cells_exp_start","cells_exp_end","days_exp_start","days_exp_end","mew","doubling_time","delta_cells","bc","deltaBc","avg_bc","sd_bc","avg_mew","sd_mew","avg_doubling_time","sd_doubling_time","avg_delta_cells","sd_delta_cells","avg_delta_bc","sd_delta_bc","avg_lag_phase_dur"
"1","144L_2018","Campus Point",20,1,"A",0,"Control",0,1.5,3.5,2018-10-15 16:30:00,TRUE,TRUE,TRUE,TRUE,"144_A0_S6",332531.521981644,332531521.981644,2018-10-15 16:30:00 UTC--2018-10-15 16:30:00 UTC,0s,0,210649271.092638,19.622245216519,0,0,1,19.622245216519,20.0768936956858,332531521.981644,523943124.668706,0,0.645833333333333,0.703971838709872,0.984623450037768,191411602.687062,0.83132880495411,0.478529006717655,0.902218674826981,0.100253415409078,0.605687489934528,0.101133760539746,1.17534571154134,0.196251588018249,171174185.712019,20824130.2689532,0.427935464280048,0.052060325672383,0
"2","144L_2018","Campus Point",20,1,"A",1,"Control",0,1.5,3.5,2018-10-16 08:00:00,FALSE,FALSE,TRUE,FALSE,NA,523943.124668706,523943124.668706,2018-10-15 16:30:00 UTC--2018-10-16 08:00:00 UTC,55800s (~15.5 hours),0.645833333333333,210649271.092638,20.0768936956858,0.454648479166792,0,1,19.622245216519,20.0768936956858,332531521.981644,523943124.668706,0,0.645833333333333,0.703971838709872,0.984623450037768,191411602.687062,1.30985781167176,0.478529006717655,1.33015413910703,0.0287033415253152,0.605687489934528,0.101133760539746,1.17534571154134,0.196251588018249,171174185.712019,20824130.2689532,0.427935464280048,0.052060325672383,0
"3","144L_2018","Campus Point",20,1,"A",2,"Control",0,1.5,3.5,2018-10-16 20:00:00,FALSE,FALSE,TRUE,FALSE,NA,859019.934192826,859019934.192826,2018-10-15 16:30:00 UTC--2018-10-16 20:00:00 UTC,99000s (~1.15 days),1.14583333333333,210649271.092638,20.5713026859573,0.494408990271523,0,1,19.622245216519,20.0768936956858,332531521.981644,523943124.668706,0,0.645833333333333,0.703971838709872,0.984623450037768,191411602.687062,2.14754983548207,0.478529006717655,1.95357568962716,0.274320867817747,0.605687489934528,0.101133760539746,1.17534571154134,0.196251588018249,171174185.712019,20824130.2689532,0.427935464280048,0.052060325672383,0
"4","144L_2018","Campus Point",20,1,"A",3,"Control",0,1.5,3.5,2018-10-17 08:00:00,FALSE,FALSE,TRUE,FALSE,NA,906998.856298991,906998856.298991,2018-10-15 16:30:00 UTC--2018-10-17 08:00:00 UTC,142200s (~1.65 days),1.64583333333333,210649271.092638,20.6256517471073,0.0543490611499777,0,1,19.622245216519,20.0768936956858,332531521.981644,523943124.668706,0,0.645833333333333,0.703971838709872,0.984623450037768,191411602.687062,2.26749714074748,0.478529006717655,2.35151909556703,0.118824988042907,0.605687489934528,0.101133760539746,1.17534571154134,0.196251588018249,171174185.712019,20824130.2689532,0.427935464280048,0.052060325672383,0
"5","144L_2018","Campus Point",20,1,"A",4,"Control",0,1.5,3.5,2018-10-17 20:00:00,TRUE,TRUE,TRUE,TRUE,"144_A4_S7",933025.234447921,933025234.447921,2018-10-15 16:30:00 UTC--2018-10-17 20:00:00 UTC,185400s (~2.15 days),2.14583333333333,210649271.092638,20.6539428050138,0.0282910579065678,0,1,19.622245216519,20.0768936956858,332531521.981644,523943124.668706,0,0.645833333333333,0.703971838709872,0.984623450037768,191411602.687062,2.3325630861198,0.478529006717655,2.54942101679503,0.306683426669066,0.605687489934528,0.101133760539746,1.17534571154134,0.196251588018249,171174185.712019,20824130.2689532,0.427935464280048,0.052060325672383,0
"6","144L_2018","Campus Point",20,1,"A",5,"Control",0,1.5,3.5,2018-10-18 08:00:00,FALSE,FALSE,TRUE,FALSE,NA,861129.087075272,861129087.075272,2018-10-15 16:30:00 UTC--2018-10-18 08:00:00 UTC,228600s (~2.65 days),2.64583333333333,210649271.092638,20.5737549780708,-0.0801878269430603,0,1,19.622245216519,20.0768936956858,332531521.981644,523943124.668706,0,0.645833333333333,0.703971838709872,0.984623450037768,191411602.687062,2.15282271768818,0.478529006717655,2.34781491221945,0.275760606063019,0.605687489934528,0.101133760539746,1.17534571154134,0.196251588018249,171174185.712019,20824130.2689532,0.427935464280048,0.052060325672383,0
"7","144L_2018","Campus Point",20,1,"A",6,"Control",0,1.5,3.5,2018-10-18 20:00:00,FALSE,FALSE,TRUE,FALSE,NA,798345.826604805,798345826.604805,2018-10-15 16:30:00 UTC--2018-10-18 20:00:00 UTC,271800s (~3.15 days),3.14583333333333,210649271.092638,20.4980524282106,-0.0757025498602246,0,1,19.622245216519,20.0768936956858,332531521.981644,523943124.668706,0,0.645833333333333,0.703971838709872,0.984623450037768,191411602.687062,1.99586456651201,0.478529006717655,2.27297171759304,0.391888691289365,0.605687489934528,0.101133760539746,1.17534571154134,0.196251588018249,171174185.712019,20824130.2689532,0.427935464280048,0.052060325672383,0
"8","144L_2018","Campus Point",20,1,"A",7,"Control",0,1.5,3.5,2018-10-19 08:00:00,FALSE,FALSE,TRUE,FALSE,NA,818468.442863937,818468442.863937,2018-10-15 16:30:00 UTC--2018-10-19 08:00:00 UTC,315000s (~3.65 days),3.64583333333333,210649271.092638,20.5229453991928,0.0248929709822328,0,1,19.622245216519,20.0768936956858,332531521.981644,523943124.668706,0,0.645833333333333,0.703971838709872,0.984623450037768,191411602.687062,2.04617110715984,0.478529006717655,2.18185578587007,0.191887112838245,0.605687489934528,0.101133760539746,1.17534571154134,0.196251588018249,171174185.712019,20824130.2689532,0.427935464280048,0.052060325672383,0
"9","144L_2018","Campus Point",20,1,"A",8,"Control",0,1.5,3.5,2018-10-19 20:00:00,TRUE,TRUE,TRUE,TRUE,"144_A8_S8",967204.147775264,967204147.775264,2018-10-15 16:30:00 UTC--2018-10-19 20:00:00 UTC,358200s (~4.15 days),4.14583333333333,210649271.092638,20.6899201456916,0.166974746498838,0,1,19.622245216519,20.0768936956858,332531521.981644,523943124.668706,0,0.645833333333333,0.703971838709872,0.984623450037768,191411602.687062,2.41801036943816,0.478529006717655,2.24268618954829,0.247945833012191,0.605687489934528,0.101133760539746,1.17534571154134,0.196251588018249,171174185.712019,20824130.2689532,0.427935464280048,0.052060325672383,0
"10","144L_2018","Campus Point",20,1,"B",0,"Control",0,1.5,3.5,2018-10-15 16:30:00,TRUE,TRUE,TRUE,TRUE,"144_B0_S9",389243.417879941,389243417.879941,2018-10-15 16:30:00 UTC--2018-10-15 16:30:00 UTC,0s,0,242859676.664135,19.7797154587857,0,0,1,19.7797154587857,20.1074133207844,389243417.879941,540180186.616917,0,0.645833333333333,0.507403141159185,1.36606797304491,150936768.736976,0.973108544699853,0.37734192184244,0.902218674826981,0.100253415409078,0.605687489934528,0.101133760539746,1.17534571154134,0.196251588018249,171174185.712019,20824130.2689532,0.427935464280048,0.052060325672383,0
"11","144L_2018","Campus Point",20,1,"B",1,"Control",0,1.5,3.5,2018-10-16 08:00:00,FALSE,FALSE,TRUE,FALSE,NA,540180.186616917,540180186.616917,2018-10-15 16:30:00 UTC--2018-10-16 08:00:00 UTC,55800s (~15.5 hours),0.645833333333333,242859676.664135,20.1074133207844,0.32769786199864,0,1,19.7797154587857,20.1074133207844,389243417.879941,540180186.616917,0,0.645833333333333,0.507403141159185,1.36606797304491,150936768.736976,1.35045046654229,0.37734192184244,1.33015413910703,0.0287033415253152,0.605687489934528,0.101133760539746,1.17534571154134,0.196251588018249,171174185.712019,20824130.2689532,0.427935464280048,0.052060325672383,0
"12","144L_2018","Campus Point",20,1,"B",2,"Control",0,1.5,3.5,2018-10-16 20:00:00,FALSE,FALSE,TRUE,FALSE,NA,703840.6175089,703840617.5089,2018-10-15 16:30:00 UTC--2018-10-16 20:00:00 UTC,99000s (~1.15 days),1.14583333333333,242859676.664135,20.372062492907,0.264649172122638,0,1,19.7797154587857,20.1074133207844,389243417.879941,540180186.616917,0,0.645833333333333,0.507403141159185,1.36606797304491,150936768.736976,1.75960154377225,0.37734192184244,1.95357568962716,0.274320867817747,0.605687489934528,0.101133760539746,1.17534571154134,0.196251588018249,171174185.712019,20824130.2689532,0.427935464280048,0.052060325672383,0
"13","144L_2018","Campus Point",20,1,"B",3,"Control",0,1.5,3.5,2018-10-17 08:00:00,FALSE,FALSE,TRUE,FALSE,NA,974216.420154631,974216420.154631,2018-10-15 16:30:00 UTC--2018-10-17 08:00:00 UTC,142200s (~1.65 days),1.64583333333333,242859676.664135,20.6971440342087,0.325081541301646,0,1,19.7797154587857,20.1074133207844,389243417.879941,540180186.616917,0,0.645833333333333,0.507403141159185,1.36606797304491,150936768.736976,2.43554105038658,0.37734192184244,2.35151909556703,0.118824988042907,0.605687489934528,0.101133760539746,1.17534571154134,0.196251588018249,171174185.712019,20824130.2689532,0.427935464280048,0.052060325672383,0
"14","144L_2018","Campus Point",20,1,"B",4,"Control",0,1.5,3.5,2018-10-17 20:00:00,TRUE,TRUE,TRUE,TRUE,"144_B4_S10",1106511.5789881,1106511578.9881,2018-10-15 16:30:00 UTC--2018-10-17 20:00:00 UTC,185400s (~2.15 days),2.14583333333333,242859676.664135,20.8244781819177,0.127334147708996,0,1,19.7797154587857,20.1074133207844,389243417.879941,540180186.616917,0,0.645833333333333,0.507403141159185,1.36606797304491,150936768.736976,2.76627894747025,0.37734192184244,2.54942101679503,0.306683426669066,0.605687489934528,0.101133760539746,1.17534571154134,0.196251588018249,171174185.712019,20824130.2689532,0.427935464280048,0.052060325672383,0
"15","144L_2018","Campus Point",20,1,"B",5,"Control",0,1.5,3.5,2018-10-18 08:00:00,FALSE,FALSE,TRUE,FALSE,NA,1017122.84270029,1017122842.70029,2018-10-15 16:30:00 UTC--2018-10-18 08:00:00 UTC,228600s (~2.65 days),2.64583333333333,242859676.664135,20.7402437360009,-0.0842344459167776,0,1,19.7797154587857,20.1074133207844,389243417.879941,540180186.616917,0,0.645833333333333,0.507403141159185,1.36606797304491,150936768.736976,2.54280710675073,0.37734192184244,2.34781491221945,0.275760606063019,0.605687489934528,0.101133760539746,1.17534571154134,0.196251588018249,171174185.712019,20824130.2689532,0.427935464280048,0.052060325672383,0
"16","144L_2018","Campus Point",20,1,"B",6,"Control",0,1.5,3.5,2018-10-18 20:00:00,FALSE,FALSE,TRUE,FALSE,NA,1020031.54746963,1020031547.46963,2018-10-15 16:30:00 UTC--2018-10-18 20:00:00 UTC,271800s (~3.15 days),3.14583333333333,242859676.664135,20.7430993926561,0.00285565665521048,0,1,19.7797154587857,20.1074133207844,389243417.879941,540180186.616917,0,0.645833333333333,0.507403141159185,1.36606797304491,150936768.736976,2.55007886867407,0.37734192184244,2.27297171759304,0.391888691289365,0.605687489934528,0.101133760539746,1.17534571154134,0.196251588018249,171174185.712019,20824130.2689532,0.427935464280048,0.052060325672383,0
"17","144L_2018","Campus Point",20,1,"B",7,"Control",0,1.5,3.5,2018-10-19 08:00:00,FALSE,FALSE,TRUE,FALSE,NA,927016.185832122,927016185.832122,2018-10-15 16:30:00 UTC--2018-10-19 08:00:00 UTC,315000s (~3.65 days),3.64583333333333,242859676.664135,20.6474815838223,-0.095617808833822,0,1,19.7797154587857,20.1074133207844,389243417.879941,540180186.616917,0,0.645833333333333,0.507403141159185,1.36606797304491,150936768.736976,2.31754046458031,0.37734192184244,2.18185578587007,0.191887112838245,0.605687489934528,0.101133760539746,1.17534571154134,0.196251588018249,171174185.712019,20824130.2689532,0.427935464280048,0.052060325672383,0
"18","144L_2018","Campus Point",20,1,"B",8,"Control",0,1.5,3.5,2018-10-19 20:00:00,TRUE,TRUE,TRUE,TRUE,"144_B8_S11",826944.80386337,826944803.86337,2018-10-15 16:30:00 UTC--2018-10-19 20:00:00 UTC,358200s (~4.15 days),4.14583333333333,242859676.664135,20.5332485081528,-0.114233075669471,0,1,19.7797154587857,20.1074133207844,389243417.879941,540180186.616917,0,0.645833333333333,0.507403141159185,1.36606797304491,150936768.736976,2.06736200965842,0.37734192184244,2.24268618954829,0.247945833012191,0.605687489934528,0.101133760539746,1.17534571154134,0.196251588018249,171174185.712019,20824130.2689532,0.427935464280048,0.052060325672383,0
"19","144L_2018","Campus Point",20,1,"C",0,"Ash Leachate",10,1.5,3.5,2018-10-15 16:30:00,TRUE,TRUE,TRUE,TRUE,"144_C0_S12",336545.307786264,336545307.786264,2018-10-15 16:30:00 UTC--2018-10-15 16:30:00 UTC,0s,0,430214285.61166,19.6342433422239,0,0,1,19.6342433422239,20.719615951049,336545307.786264,996356766.839788,0,0.645833333333333,1.68057694269705,0.4124459659952,659811459.053524,0.84136326946566,1.64952864763381,0.893722045395291,0.0740464910289384,1.69663662617987,0.0165252779708413,0.408578525147527,0.00397956380099,712613759.150128,54333118.553026,1.78153439787532,0.135832796382565,0
"20","144L_2018","Campus Point",20,1,"C",1,"Ash Leachate",10,1.5,3.5,2018-10-16 08:00:00,FALSE,FALSE,TRUE,FALSE,NA,996356.766839788,996356766.839788,2018-10-15 16:30:00 UTC--2018-10-16 08:00:00 UTC,55800s (~15.5 hours),0.645833333333333,430214285.61166,20.719615951049,1.08537260882518,0,1,19.6342433422239,20.719615951049,336545307.786264,996356766.839788,0,0.645833333333333,1.68057694269705,0.4124459659952,659811459.053524,2.49089191709947,1.64952864763381,2.67525644327061,0.260730813331716,1.69663662617987,0.0165252779708413,0.408578525147527,0.00397956380099,712613759.150128,54333118.553026,1.78153439787532,0.135832796382565,0
"21","144L_2018","Campus Point",20,1,"C",2,"Ash Leachate",10,1.5,3.5,2018-10-16 20:00:00,FALSE,FALSE,TRUE,FALSE,NA,1230196.24722663,1230196247.22663,2018-10-15 16:30:00 UTC--2018-10-16 20:00:00 UTC,99000s (~1.15 days),1.14583333333333,430214285.61166,20.9304395441947,0.210823593145612,0,1,19.6342433422239,20.719615951049,336545307.786264,996356766.839788,0,0.645833333333333,1.68057694269705,0.4124459659952,659811459.053524,3.07549061806658,1.64952864763381,3.14315759004231,0.0956955494928077,1.69663662617987,0.0165252779708413,0.408578525147527,0.00397956380099,712613759.150128,54333118.553026,1.78153439787532,0.135832796382565,0
"22","144L_2018","Campus Point",20,1,"C",3,"Ash Leachate",10,1.5,3.5,2018-10-17 08:00:00,FALSE,FALSE,TRUE,FALSE,NA,1302477.95360037,1302477953.60037,2018-10-15 16:30:00 UTC--2018-10-17 08:00:00 UTC,142200s (~1.65 days),1.64583333333333,430214285.61166,20.98753440523,0.0570948610353668,0,1,19.6342433422239,20.719615951049,336545307.786264,996356766.839788,0,0.645833333333333,1.68057694269705,0.4124459659952,659811459.053524,3.25619488400093,1.64952864763381,3.49191749716931,0.33336211650076,1.69663662617987,0.0165252779708413,0.408578525147527,0.00397956380099,712613759.150128,54333118.553026,1.78153439787532,0.135832796382565,0
"23","144L_2018","Campus Point",20,1,"C",4,"Ash Leachate",10,1.5,3.5,2018-10-17 20:00:00,TRUE,TRUE,TRUE,TRUE,"144_C4_S13",1371723.38387575,1371723383.87575,2018-10-15 16:30:00 UTC--2018-10-17 20:00:00 UTC,185400s (~2.15 days),2.14583333333333,430214285.61166,21.0393337306721,0.0517993254420865,0,1,19.6342433422239,20.719615951049,336545307.786264,996356766.839788,0,0.645833333333333,1.68057694269705,0.4124459659952,659811459.053524,3.42930845968938,1.64952864763381,3.31825192746169,0.15705765406652,1.69663662617987,0.0165252779708413,0.408578525147527,0.00397956380099,712613759.150128,54333118.553026,1.78153439787532,0.135832796382565,0
"24","144L_2018","Campus Point",20,1,"C",5,"Ash Leachate",10,1.5,3.5,2018-10-18 08:00:00,FALSE,FALSE,TRUE,FALSE,NA,1374719.18912593,1374719189.12593,2018-10-15 16:30:00 UTC--2018-10-18 08:00:00 UTC,228600s (~2.65 days),2.64583333333333,430214285.61166,21.0415153211177,0.00218159044561972,0,1,19.6342433422239,20.719615951049,336545307.786264,996356766.839788,0,0.645833333333333,1.68057694269705,0.4124459659952,659811459.053524,3.43679797281483,1.64952864763381,3.44655982402993,0.0138053423822625,1.69663662617987,0.0165252779708413,0.408578525147527,0.00397956380099,712613759.150128,54333118.553026,1.78153439787532,0.135832796382565,0
"25","144L_2018","Campus Point",20,1,"C",6,"Ash Leachate",10,1.5,3.5,2018-10-18 20:00:00,FALSE,FALSE,TRUE,FALSE,NA,1082805.71399938,1082805713.99938,2018-10-15 16:30:00 UTC--2018-10-18 20:00:00 UTC,271800s (~3.15 days),3.14583333333333,430214285.61166,20.8028213927494,-0.238693928368324,0,1,19.6342433422239,20.719615951049,336545307.786264,996356766.839788,0,0.645833333333333,1.68057694269705,0.4124459659952,659811459.053524,2.70701428499845,1.64952864763381,2.90795315661709,0.284170477451024,1.69663662617987,0.0165252779708413,0.408578525147527,0.00397956380099,712613759.150128,54333118.553026,1.78153439787532,0.135832796382565,0
"26","144L_2018","Campus Point",20,1,"C",7,"Ash Leachate",10,1.5,3.5,2018-10-19 08:00:00,FALSE,FALSE,TRUE,FALSE,NA,700633.125581658,700633125.581658,2018-10-15 16:30:00 UTC--2018-10-19 08:00:00 UTC,315000s (~3.65 days),3.64583333333333,430214285.61166,20.3674949493422,-0.435326443407174,0,1,19.6342433422239,20.719615951049,336545307.786264,996356766.839788,0,0.645833333333333,1.68057694269705,0.4124459659952,659811459.053524,1.75158281395414,1.64952864763381,1.66961473503068,0.115920368895229,1.69663662617987,0.0165252779708413,0.408578525147527,0.00397956380099,712613759.150128,54333118.553026,1.78153439787532,0.135832796382565,0
"27","144L_2018","Campus Point",20,1,"C",8,"Ash Leachate",10,1.5,3.5,2018-10-19 20:00:00,TRUE,TRUE,TRUE,TRUE,"144_C8_S14",269659.900084678,269659900.084678,2018-10-15 16:30:00 UTC--2018-10-19 20:00:00 UTC,358200s (~4.15 days),4.14583333333333,430214285.61166,19.4126720936468,-0.954822855695426,0,1,19.6342433422239,20.719615951049,336545307.786264,996356766.839788,0,0.645833333333333,1.68057694269705,0.4124459659952,659811459.053524,0.674149750211695,1.64952864763381,0.715912806856038,0.0590618811125849,1.69663662617987,0.0165252779708413,0.408578525147527,0.00397956380099,712613759.150128,54333118.553026,1.78153439787532,0.135832796382565,0
"28","144L_2018","Campus Point",20,1,"D",0,"Ash Leachate",10,1.5,3.5,2018-10-15 16:30:00,TRUE,TRUE,TRUE,TRUE,"144_D0_S15",378432.328529969,378432328.529969,2018-10-15 16:30:00 UTC--2018-10-15 16:30:00 UTC,0s,0,451559954.016112,19.751547826297,0,0,1,19.751547826297,20.8576641929542,378432328.529969,1143848387.7767,0,0.645833333333333,1.71269630966269,0.404711084299854,765416059.246731,0.946080821324922,1.91354014811683,0.893722045395291,0.0740464910289384,1.69663662617987,0.0165252779708413,0.408578525147527,0.00397956380099,712613759.150128,54333118.553026,1.78153439787532,0.135832796382565,0
"29","144L_2018","Campus Point",20,1,"D",1,"Ash Leachate",10,1.5,3.5,2018-10-16 08:00:00,FALSE,FALSE,TRUE,FALSE,NA,1143848.3877767,1143848387.7767,2018-10-15 16:30:00 UTC--2018-10-16 08:00:00 UTC,55800s (~15.5 hours),0.645833333333333,451559954.016112,20.8576641929542,1.10611636665715,0,1,19.751547826297,20.8576641929542,378432328.529969,1143848387.7767,0,0.645833333333333,1.71269630966269,0.404711084299854,765416059.246731,2.85962096944175,1.91354014811683,2.67525644327061,0.260730813331716,1.69663662617987,0.0165252779708413,0.408578525147527,0.00397956380099,712613759.150128,54333118.553026,1.78153439787532,0.135832796382565,0
"30","144L_2018","Campus Point",20,1,"D",2,"Ash Leachate",10,1.5,3.5,2018-10-16 20:00:00,FALSE,FALSE,TRUE,FALSE,NA,1284329.82480722,1284329824.80722,2018-10-15 16:30:00 UTC--2018-10-16 20:00:00 UTC,99000s (~1.15 days),1.14583333333333,451559954.016112,20.9735028821308,0.115838689176641,0,1,19.751547826297,20.8576641929542,378432328.529969,1143848387.7767,0,0.645833333333333,1.71269630966269,0.404711084299854,765416059.246731,3.21082456201805,1.91354014811683,3.14315759004231,0.0956955494928077,1.69663662617987,0.0165252779708413,0.408578525147527,0.00397956380099,712613759.150128,54333118.553026,1.78153439787532,0.135832796382565,0
"31","144L_2018","Campus Point",20,1,"D",3,"Ash Leachate",10,1.5,3.5,2018-10-17 08:00:00,FALSE,FALSE,TRUE,FALSE,NA,1491056.04413508,1491056044.13508,2018-10-15 16:30:00 UTC--2018-10-17 08:00:00 UTC,142200s (~1.65 days),1.64583333333333,451559954.016112,21.122750460309,0.149247578178223,0,1,19.751547826297,20.8576641929542,378432328.529969,1143848387.7767,0,0.645833333333333,1.71269630966269,0.404711084299854,765416059.246731,3.7276401103377,1.91354014811683,3.49191749716931,0.33336211650076,1.69663662617987,0.0165252779708413,0.408578525147527,0.00397956380099,712613759.150128,54333118.553026,1.78153439787532,0.135832796382565,0
"32","144L_2018","Campus Point",20,1,"D",4,"Ash Leachate",10,1.5,3.5,2018-10-17 20:00:00,TRUE,TRUE,TRUE,TRUE,"144_D4_S16",1282878.1580936,1282878158.0936,2018-10-15 16:30:00 UTC--2018-10-17 20:00:00 UTC,185400s (~2.15 days),2.14583333333333,451559954.016112,20.9723719516585,-0.150378508650562,0,1,19.751547826297,20.8576641929542,378432328.529969,1143848387.7767,0,0.645833333333333,1.71269630966269,0.404711084299854,765416059.246731,3.207195395234,1.91354014811683,3.31825192746169,0.15705765406652,1.69663662617987,0.0165252779708413,0.408578525147527,0.00397956380099,712613759.150128,54333118.553026,1.78153439787532,0.135832796382565,0
"33","144L_2018","Campus Point",20,1,"D",5,"Ash Leachate",10,1.5,3.5,2018-10-18 08:00:00,FALSE,FALSE,TRUE,FALSE,NA,1382528.67009801,1382528670.09801,2018-10-15 16:30:00 UTC--2018-10-18 08:00:00 UTC,228600s (~2.65 days),2.64583333333333,451559954.016112,21.0471800290105,0.0748080773520172,0,1,19.751547826297,20.8576641929542,378432328.529969,1143848387.7767,0,0.645833333333333,1.71269630966269,0.404711084299854,765416059.246731,3.45632167524503,1.91354014811683,3.44655982402993,0.0138053423822625,1.69663662617987,0.0165252779708413,0.408578525147527,0.00397956380099,712613759.150128,54333118.553026,1.78153439787532,0.135832796382565,0
"34","144L_2018","Campus Point",20,1,"D",6,"Ash Leachate",10,1.5,3.5,2018-10-18 20:00:00,FALSE,FALSE,TRUE,FALSE,NA,1243556.81129429,1243556811.29429,2018-10-15 16:30:00 UTC--2018-10-18 20:00:00 UTC,271800s (~3.15 days),3.14583333333333,451559954.016112,20.9412415067699,-0.105938522240571,0,1,19.751547826297,20.8576641929542,378432328.529969,1143848387.7767,0,0.645833333333333,1.71269630966269,0.404711084299854,765416059.246731,3.10889202823573,1.91354014811683,2.90795315661709,0.284170477451024,1.69663662617987,0.0165252779708413,0.408578525147527,0.00397956380099,712613759.150128,54333118.553026,1.78153439787532,0.135832796382565,0
"35","144L_2018","Campus Point",20,1,"D",7,"Ash Leachate",10,1.5,3.5,2018-10-19 08:00:00,FALSE,FALSE,TRUE,FALSE,NA,635058.662442888,635058662.442888,2018-10-15 16:30:00 UTC--2018-10-19 08:00:00 UTC,315000s (~3.65 days),3.64583333333333,451559954.016112,20.2692279343899,-0.67201357238006,0,1,19.751547826297,20.8576641929542,378432328.529969,1143848387.7767,0,0.645833333333333,1.71269630966269,0.404711084299854,765416059.246731,1.58764665610722,1.91354014811683,1.66961473503068,0.115920368895229,1.69663662617987,0.0165252779708413,0.408578525147527,0.00397956380099,712613759.150128,54333118.553026,1.78153439787532,0.135832796382565,0
"36","144L_2018","Campus Point",20,1,"D",8,"Ash Leachate",10,1.5,3.5,2018-10-19 20:00:00,TRUE,TRUE,TRUE,TRUE,"144_D8_S17",303070.345400152,303070345.400152,2018-10-15 16:30:00 UTC--2018-10-19 20:00:00 UTC,358200s (~4.15 days),4.14583333333333,451559954.016112,19.5294754995648,-0.739752434825071,0,1,19.751547826297,20.8576641929542,378432328.529969,1143848387.7767,0,0.645833333333333,1.71269630966269,0.404711084299854,765416059.246731,0.75767586350038,1.91354014811683,0.715912806856038,0.0590618811125849,1.69663662617987,0.0165252779708413,0.408578525147527,0.00397956380099,712613759.150128,54333118.553026,1.78153439787532,0.135832796382565,0
"37","144L_2018","Campus Point",20,1,"E",0,"Mud Leachate",10,1.5,3.5,2018-10-15 16:30:00,TRUE,TRUE,TRUE,TRUE,"144_E0_S18",340956.946197674,340956946.197674,2018-10-15 16:30:00 UTC--2018-10-15 16:30:00 UTC,0s,0,225209325.819854,19.6472667697918,0,0,1,19.6472667697918,20.2701420704164,340956946.197674,635639457.867743,0,0.645833333333333,0.964452078386405,0.718695304923422,294682511.670069,0.852392365494185,0.736706279175173,0.848350032533814,0.00571672209618482,0.964168799493211,0.000291491576301458,0.718906524208463,0.000217342851236323,293169860.717381,1556504.98920222,0.732924651793454,0.00389126247300559,0
"38","144L_2018","Campus Point",20,1,"E",1,"Mud Leachate",10,1.5,3.5,2018-10-16 08:00:00,FALSE,FALSE,TRUE,FALSE,NA,635639.457867743,635639457.867743,2018-10-15 16:30:00 UTC--2018-10-16 08:00:00 UTC,55800s (~15.5 hours),0.645833333333333,225209325.819854,20.2701420704164,0.622875300624553,0,1,19.6472667697918,20.2701420704164,340956946.197674,635639457.867743,0,0.645833333333333,0.964452078386405,0.718695304923422,294682511.670069,1.58909864466936,0.736706279175173,1.58127468432727,0.0110647508272529,0.964168799493211,0.000291491576301458,0.718906524208463,0.000217342851236323,293169860.717381,1556504.98920222,0.732924651793454,0.00389126247300559,0
"39","144L_2018","Campus Point",20,1,"E",2,"Mud Leachate",10,1.5,3.5,2018-10-16 20:00:00,FALSE,FALSE,TRUE,FALSE,NA,832832.300797247,832832300.797247,2018-10-15 16:30:00 UTC--2018-10-16 20:00:00 UTC,99000s (~1.15 days),1.14583333333333,225209325.819854,20.5403428602925,0.27020078987611,0,1,19.6472667697918,20.2701420704164,340956946.197674,635639457.867743,0,0.645833333333333,0.964452078386405,0.718695304923422,294682511.670069,2.08208075199312,0.736706279175173,2.16957838727525,0.123740342491573,0.964168799493211,0.000291491576301458,0.718906524208463,0.000217342851236323,293169860.717381,1556504.98920222,0.732924651793454,0.00389126247300559,0
"40","144L_2018","Campus Point",20,1,"E",3,"Mud Leachate",10,1.5,3.5,2018-10-17 08:00:00,FALSE,FALSE,TRUE,FALSE,NA,908466.522655965,908466522.655965,2018-10-15 16:30:00 UTC--2018-10-17 08:00:00 UTC,142200s (~1.65 days),1.64583333333333,225209325.819854,20.6272685960912,0.0869257357987685,0,1,19.6472667697918,20.2701420704164,340956946.197674,635639457.867743,0,0.645833333333333,0.964452078386405,0.718695304923422,294682511.670069,2.27116630663991,0.736706279175173,2.26220372070763,0.0126750105793646,0.964168799493211,0.000291491576301458,0.718906524208463,0.000217342851236323,293169860.717381,1556504.98920222,0.732924651793454,0.00389126247300559,0
"41","144L_2018","Campus Point",20,1,"E",4,"Mud Leachate",10,1.5,3.5,2018-10-17 20:00:00,TRUE,TRUE,TRUE,TRUE,"144_E4_S19",860914.431989226,860914431.989226,2018-10-15 16:30:00 UTC--2018-10-17 20:00:00 UTC,185400s (~2.15 days),2.14583333333333,225209325.819854,20.5735056753269,-0.05376292076431,0,1,19.6472667697918,20.2701420704164,340956946.197674,635639457.867743,0,0.645833333333333,0.964452078386405,0.718695304923422,294682511.670069,2.15228607997307,0.736706279175173,2.12539495071747,0.038029799700794,0.964168799493211,0.000291491576301458,0.718906524208463,0.000217342851236323,293169860.717381,1556504.98920222,0.732924651793454,0.00389126247300559,0
"42","144L_2018","Campus Point",20,1,"E",5,"Mud Leachate",10,1.5,3.5,2018-10-18 08:00:00,FALSE,FALSE,TRUE,FALSE,NA,960415.60478444,960415604.78444,2018-10-15 16:30:00 UTC--2018-10-18 08:00:00 UTC,228600s (~2.65 days),2.64583333333333,225209325.819854,20.6828766703931,0.109370995066136,0,1,19.6472667697918,20.2701420704164,340956946.197674,635639457.867743,0,0.645833333333333,0.964452078386405,0.718695304923422,294682511.670069,2.4010390119611,0.736706279175173,2.35164941492464,0.0698474379691056,0.964168799493211,0.000291491576301458,0.718906524208463,0.000217342851236323,293169860.717381,1556504.98920222,0.732924651793454,0.00389126247300559,0
"43","144L_2018","Campus Point",20,1,"E",6,"Mud Leachate",10,1.5,3.5,2018-10-18 20:00:00,FALSE,FALSE,TRUE,FALSE,NA,1078301.7794102,1078301779.4102,2018-10-15 16:30:00 UTC--2018-10-18 20:00:00 UTC,271800s (~3.15 days),3.14583333333333,225209325.819854,20.7986532140505,0.115776543657439,0,1,19.6472667697918,20.2701420704164,340956946.197674,635639457.867743,0,0.645833333333333,0.964452078386405,0.718695304923422,294682511.670069,2.6957544485255,0.736706279175173,2.51484932553248,0.255838478439503,0.964168799493211,0.000291491576301458,0.718906524208463,0.000217342851236323,293169860.717381,1556504.98920222,0.732924651793454,0.00389126247300559,0
"44","144L_2018","Campus Point",20,1,"E",7,"Mud Leachate",10,1.5,3.5,2018-10-19 08:00:00,FALSE,FALSE,TRUE,FALSE,NA,1037393.33704528,1037393337.04528,2018-10-15 16:30:00 UTC--2018-10-19 08:00:00 UTC,315000s (~3.65 days),3.64583333333333,225209325.819854,20.7599769971169,-0.0386762169336556,0,1,19.6472667697918,20.2701420704164,340956946.197674,635639457.867743,0,0.645833333333333,0.964452078386405,0.718695304923422,294682511.670069,2.5934833426132,0.736706279175173,2.52264597494698,0.100179166076378,0.964168799493211,0.000291491576301458,0.718906524208463,0.000217342851236323,293169860.717381,1556504.98920222,0.732924651793454,0.00389126247300559,0
"45","144L_2018","Campus Point",20,1,"E",8,"Mud Leachate",10,1.5,3.5,2018-10-19 20:00:00,TRUE,TRUE,TRUE,TRUE,"144_E8_S20",839206.073396058,839206073.396058,2018-10-15 16:30:00 UTC--2018-10-19 20:00:00 UTC,358200s (~4.15 days),4.14583333333333,225209325.819854,20.5479668521461,-0.21201014497078,0,1,19.6472667697918,20.2701420704164,340956946.197674,635639457.867743,0,0.645833333333333,0.964452078386405,0.718695304923422,294682511.670069,2.09801518349015,0.736706279175173,2.10306484330038,0.00714129738899743,0.964168799493211,0.000291491576301458,0.718906524208463,0.000217342851236323,293169860.717381,1556504.98920222,0.732924651793454,0.00389126247300559,0
"46","144L_2018","Campus Point",20,1,"F",0,"Mud Leachate",10,1.5,3.5,2018-10-15 16:30:00,TRUE,TRUE,TRUE,TRUE,"144_F0_S21",337723.079829377,337723079.829377,2018-10-15 16:30:00 UTC--2018-10-15 16:30:00 UTC,0s,0,203503302.91699,19.6377368271998,0,0,1,19.6377368271998,20.2602462259207,337723079.829377,629380289.594071,0,0.645833333333333,0.963885520600016,0.719117743493504,291657209.764694,0.844307699573443,0.729143024411735,0.848350032533814,0.00571672209618482,0.964168799493211,0.000291491576301458,0.718906524208463,0.000217342851236323,293169860.717381,1556504.98920222,0.732924651793454,0.00389126247300559,0
"47","144L_2018","Campus Point",20,1,"F",1,"Mud Leachate",10,1.5,3.5,2018-10-16 08:00:00,FALSE,FALSE,TRUE,FALSE,NA,629380.289594071,629380289.594071,2018-10-15 16:30:00 UTC--2018-10-16 08:00:00 UTC,55800s (~15.5 hours),0.645833333333333,203503302.91699,20.2602462259207,0.622509398720844,0,1,19.6377368271998,20.2602462259207,337723079.829377,629380289.594071,0,0.645833333333333,0.963885520600016,0.719117743493504,291657209.764694,1.57345072398518,0.729143024411735,1.58127468432727,0.0110647508272529,0.964168799493211,0.000291491576301458,0.718906524208463,0.000217342851236323,293169860.717381,1556504.98920222,0.732924651793454,0.00389126247300559,0
"48","144L_2018","Campus Point",20,1,"F",2,"Mud Leachate",10,1.5,3.5,2018-10-16 20:00:00,FALSE,FALSE,TRUE,FALSE,NA,902830.409022957,902830409.022957,2018-10-15 16:30:00 UTC--2018-10-16 20:00:00 UTC,99000s (~1.15 days),1.14583333333333,203503302.91699,20.6210452853521,0.360799059431425,0,1,19.6377368271998,20.2602462259207,337723079.829377,629380289.594071,0,0.645833333333333,0.963885520600016,0.719117743493504,291657209.764694,2.25707602255739,0.729143024411735,2.16957838727525,0.123740342491573,0.964168799493211,0.000291491576301458,0.718906524208463,0.000217342851236323,293169860.717381,1556504.98920222,0.732924651793454,0.00389126247300559,0
"49","144L_2018","Campus Point",20,1,"F",3,"Mud Leachate",10,1.5,3.5,2018-10-17 08:00:00,FALSE,FALSE,TRUE,FALSE,NA,901296.453910141,901296453.910141,2018-10-15 16:30:00 UTC--2018-10-17 08:00:00 UTC,142200s (~1.65 days),1.64583333333333,203503302.91699,20.6193447891021,-0.00170049624998825,0,1,19.6377368271998,20.2602462259207,337723079.829377,629380289.594071,0,0.645833333333333,0.963885520600016,0.719117743493504,291657209.764694,2.25324113477535,0.729143024411735,2.26220372070763,0.0126750105793646,0.964168799493211,0.000291491576301458,0.718906524208463,0.000217342851236323,293169860.717381,1556504.98920222,0.732924651793454,0.00389126247300559,0
"50","144L_2018","Campus Point",20,1,"F",4,"Mud Leachate",10,1.5,3.5,2018-10-17 20:00:00,TRUE,TRUE,TRUE,TRUE,"144_F4_S22",839401.528584748,839401528.584748,2018-10-15 16:30:00 UTC--2018-10-17 20:00:00 UTC,185400s (~2.15 days),2.14583333333333,203503302.91699,20.5481997299066,-0.0711450591955014,0,1,19.6377368271998,20.2602462259207,337723079.829377,629380289.594071,0,0.645833333333333,0.963885520600016,0.719117743493504,291657209.764694,2.09850382146187,0.729143024411735,2.12539495071747,0.038029799700794,0.964168799493211,0.000291491576301458,0.718906524208463,0.000217342851236323,293169860.717381,1556504.98920222,0.732924651793454,0.00389126247300559,0
"51","144L_2018","Campus Point",20,1,"F",5,"Mud Leachate",10,1.5,3.5,2018-10-18 08:00:00,FALSE,FALSE,TRUE,FALSE,NA,920903.927155271,920903927.155271,2018-10-15 16:30:00 UTC--2018-10-18 08:00:00 UTC,228600s (~2.65 days),2.64583333333333,203503302.91699,20.6408662751578,0.0926665452511664,0,1,19.6377368271998,20.2602462259207,337723079.829377,629380289.594071,0,0.645833333333333,0.963885520600016,0.719117743493504,291657209.764694,2.30225981788818,0.729143024411735,2.35164941492464,0.0698474379691056,0.964168799493211,0.000291491576301458,0.718906524208463,0.000217342851236323,293169860.717381,1556504.98920222,0.732924651793454,0.00389126247300559,0
"52","144L_2018","Campus Point",20,1,"F",6,"Mud Leachate",10,1.5,3.5,2018-10-18 20:00:00,FALSE,FALSE,TRUE,FALSE,NA,933577.681015783,933577681.015783,2018-10-15 16:30:00 UTC--2018-10-18 20:00:00 UTC,271800s (~3.15 days),3.14583333333333,203503302.91699,20.6545347322839,0.0136684571261085,0,1,19.6377368271998,20.2602462259207,337723079.829377,629380289.594071,0,0.645833333333333,0.963885520600016,0.719117743493504,291657209.764694,2.33394420253946,0.729143024411735,2.51484932553248,0.255838478439503,0.964168799493211,0.000291491576301458,0.718906524208463,0.000217342851236323,293169860.717381,1556504.98920222,0.732924651793454,0.00389126247300559,0
"53","144L_2018","Campus Point",20,1,"F",7,"Mud Leachate",10,1.5,3.5,2018-10-19 08:00:00,FALSE,FALSE,TRUE,FALSE,NA,980723.442912304,980723442.912304,2018-10-15 16:30:00 UTC--2018-10-19 08:00:00 UTC,315000s (~3.65 days),3.64583333333333,203503302.91699,20.7038010643415,0.0492663320575843,0,1,19.6377368271998,20.2602462259207,337723079.829377,629380289.594071,0,0.645833333333333,0.963885520600016,0.719117743493504,291657209.764694,2.45180860728076,0.729143024411735,2.52264597494698,0.100179166076378,0.964168799493211,0.000291491576301458,0.718906524208463,0.000217342851236323,293169860.717381,1556504.98920222,0.732924651793454,0.00389126247300559,0
"54","144L_2018","Campus Point",20,1,"F",8,"Mud Leachate",10,1.5,3.5,2018-10-19 20:00:00,TRUE,TRUE,TRUE,TRUE,"144_F8_S23",843245.801244242,843245801.244242,2018-10-15 16:30:00 UTC--2018-10-19 20:00:00 UTC,358200s (~4.15 days),4.14583333333333,203503302.91699,20.5527690526398,-0.151032011701613,0,1,19.6377368271998,20.2602462259207,337723079.829377,629380289.594071,0,0.645833333333333,0.963885520600016,0.719117743493504,291657209.764694,2.1081145031106,0.729143024411735,2.10306484330038,0.00714129738899743,0.964168799493211,0.000291491576301458,0.718906524208463,0.000217342851236323,293169860.717381,1556504.98920222,0.732924651793454,0.00389126247300559,0
"55","144L_2018","Campus Point",20,1,"G",0,"Glucose_Nitrate_Phosphate",10,1.5,3.5,2018-10-15 16:30:00,TRUE,TRUE,TRUE,TRUE,"144_G0_S24",328736.079347745,328736079.347745,2018-10-15 16:30:00 UTC--2018-10-15 16:30:00 UTC,0s,0,448690234.654155,19.6107657963703,0,0,2,19.6107657963703,21.0403246303459,328736079.347745,1373083297.78729,0,1.14583333333333,1.24761498237872,0.555577794712262,1044347218.43955,0.821840198369363,2.61086804609886,0.851761226914095,0.0423147243681133,1.21481917720088,0.0337466051196503,0.570992566998305,0.0158616698241017,1029042597.8238,15748324.6904621,2.57260649455949,0.0393708117261553,0
"56","144L_2018","Campus Point",20,1,"G",1,"Glucose_Nitrate_Phosphate",10,1.5,3.5,2018-10-16 08:00:00,FALSE,FALSE,TRUE,FALSE,NA,606397.366704028,606397366.704028,2018-10-15 16:30:00 UTC--2018-10-16 08:00:00 UTC,55800s (~15.5 hours),0.645833333333333,448690234.654155,20.2230460497765,0.612280253406119,0,2,19.6107657963703,21.0403246303459,328736079.347745,1373083297.78729,0,1.14583333333333,1.24761498237872,0.555577794712262,1044347218.43955,1.51599341676007,2.61086804609886,1.5256061988033,0.0135945267376673,1.21481917720088,0.0337466051196503,0.570992566998305,0.0158616698241017,1029042597.8238,15748324.6904621,2.57260649455949,0.0393708117261553,0
"57","144L_2018","Campus Point",20,1,"G",2,"Glucose_Nitrate_Phosphate",10,1.5,3.5,2018-10-16 20:00:00,FALSE,FALSE,TRUE,FALSE,NA,1373083.29778729,1373083297.78729,2018-10-15 16:30:00 UTC--2018-10-16 20:00:00 UTC,99000s (~1.15 days),1.14583333333333,448690234.654155,21.0403246303459,0.817278580569493,0,2,19.6107657963703,21.0403246303459,328736079.347745,1373083297.78729,0,1.14583333333333,1.24761498237872,0.555577794712262,1044347218.43955,3.43270824446823,2.61086804609886,3.42436772147359,0.0117952807363015,1.21481917720088,0.0337466051196503,0.570992566998305,0.0158616698241017,1029042597.8238,15748324.6904621,2.57260649455949,0.0393708117261553,0
"58","144L_2018","Campus Point",20,1,"G",3,"Glucose_Nitrate_Phosphate",10,1.5,3.5,2018-10-17 08:00:00,FALSE,FALSE,TRUE,FALSE,NA,1221161.3344965,1221161334.4965,2018-10-15 16:30:00 UTC--2018-10-17 08:00:00 UTC,142200s (~1.65 days),1.64583333333333,448690234.654155,20.9230681564309,-0.11725647391501,0,2,19.6107657963703,21.0403246303459,328736079.347745,1373083297.78729,0,1.14583333333333,1.24761498237872,0.555577794712262,1044347218.43955,3.05290333624125,2.61086804609886,3.16658047780466,0.160763755330784,1.21481917720088,0.0337466051196503,0.570992566998305,0.0158616698241017,1029042597.8238,15748324.6904621,2.57260649455949,0.0393708117261553,0
"59","144L_2018","Campus Point",20,1,"G",4,"Glucose_Nitrate_Phosphate",10,1.5,3.5,2018-10-17 20:00:00,TRUE,TRUE,TRUE,TRUE,"144_G4_S25",1359810.73724745,1359810737.24745,2018-10-15 16:30:00 UTC--2018-10-17 20:00:00 UTC,185400s (~2.15 days),2.14583333333333,448690234.654155,21.0306113632216,0.107543206790613,0,2,19.6107657963703,21.0403246303459,328736079.347745,1373083297.78729,0,1.14583333333333,1.24761498237872,0.555577794712262,1044347218.43955,3.39952684311863,2.61086804609886,3.72418268000813,0.459132687632718,1.21481917720088,0.0337466051196503,0.570992566998305,0.0158616698241017,1029042597.8238,15748324.6904621,2.57260649455949,0.0393708117261553,0
"60","144L_2018","Campus Point",20,1,"G",5,"Glucose_Nitrate_Phosphate",10,1.5,3.5,2018-10-18 08:00:00,FALSE,FALSE,TRUE,FALSE,NA,1365703.62993268,1365703629.93268,2018-10-15 16:30:00 UTC--2018-10-18 08:00:00 UTC,228600s (~2.65 days),2.64583333333333,448690234.654155,21.0349356125734,0.00432424935186759,0,2,19.6107657963703,21.0403246303459,328736079.347745,1373083297.78729,0,1.14583333333333,1.24761498237872,0.555577794712262,1044347218.43955,3.4142590748317,2.61086804609886,3.65658989259394,0.342707529060319,1.21481917720088,0.0337466051196503,0.570992566998305,0.0158616698241017,1029042597.8238,15748324.6904621,2.57260649455949,0.0393708117261553,0
"61","144L_2018","Campus Point",20,1,"G",6,"Glucose_Nitrate_Phosphate",10,1.5,3.5,2018-10-18 20:00:00,FALSE,FALSE,TRUE,FALSE,NA,1286004.58111447,1286004581.11447,2018-10-15 16:30:00 UTC--2018-10-18 20:00:00 UTC,271800s (~3.15 days),3.14583333333333,448690234.654155,20.9748060250529,-0.0601295875205174,0,2,19.6107657963703,21.0403246303459,328736079.347745,1373083297.78729,0,1.14583333333333,1.24761498237872,0.555577794712262,1044347218.43955,3.21501145278618,2.61086804609886,3.49081213162145,0.390041060520552,1.21481917720088,0.0337466051196503,0.570992566998305,0.0158616698241017,1029042597.8238,15748324.6904621,2.57260649455949,0.0393708117261553,0
"62","144L_2018","Campus Point",20,1,"G",7,"Glucose_Nitrate_Phosphate",10,1.5,3.5,2018-10-19 08:00:00,FALSE,FALSE,TRUE,FALSE,NA,950166.570414437,950166570.414437,2018-10-15 16:30:00 UTC--2018-10-19 08:00:00 UTC,315000s (~3.65 days),3.64583333333333,448690234.654155,20.6721478644674,-0.302658160585473,0,2,19.6107657963703,21.0403246303459,328736079.347745,1373083297.78729,0,1.14583333333333,1.24761498237872,0.555577794712262,1044347218.43955,2.37541642603609,2.61086804609886,2.25838475012401,0.165507783302125,1.21481917720088,0.0337466051196503,0.570992566998305,0.0158616698241017,1029042597.8238,15748324.6904621,2.57260649455949,0.0393708117261553,0
"63","144L_2018","Campus Point",20,1,"G",8,"Glucose_Nitrate_Phosphate",10,1.5,3.5,2018-10-19 20:00:00,TRUE,TRUE,TRUE,TRUE,"144_G8_S26",311668.247151305,311668247.151305,2018-10-15 16:30:00 UTC--2018-10-19 20:00:00 UTC,358200s (~4.15 days),4.14583333333333,448690234.654155,19.5574498696457,-1.11469799482173,0,2,19.6107657963703,21.0403246303459,328736079.347745,1373083297.78729,0,1.14583333333333,1.24761498237872,0.555577794712262,1044347218.43955,0.779170617878263,2.61086804609886,0.661301365051274,0.166692295934711,1.21481917720088,0.0337466051196503,0.570992566998305,0.0158616698241017,1029042597.8238,15748324.6904621,2.57260649455949,0.0393708117261553,0
"64","144L_2018","Campus Point",20,1,"H",0,"Glucose_Nitrate_Phosphate",10,1.5,3.5,2018-10-15 16:30:00,TRUE,TRUE,TRUE,TRUE,"144_H0_S27",352672.902183531,352672902.183531,2018-10-15 16:30:00 UTC--2018-10-15 16:30:00 UTC,0s,0,544072880.440827,19.6810515626078,0,0,2,19.6810515626078,21.0354533430509,352672902.183531,1366410879.39158,0,1.14583333333333,1.18202337202304,0.586407339284348,1013737977.20805,0.881682255458828,2.53434494302012,0.851761226914095,0.0423147243681133,1.21481917720088,0.0337466051196503,0.570992566998305,0.0158616698241017,1029042597.8238,15748324.6904621,2.57260649455949,0.0393708117261553,0
"65","144L_2018","Campus Point",20,1,"H",1,"Glucose_Nitrate_Phosphate",10,1.5,3.5,2018-10-16 08:00:00,FALSE,FALSE,TRUE,FALSE,NA,614087.592338609,614087592.338609,2018-10-15 16:30:00 UTC--2018-10-16 08:00:00 UTC,55800s (~15.5 hours),0.645833333333333,544072880.440827,20.2356481344686,0.554596571860781,0,2,19.6810515626078,21.0354533430509,352672902.183531,1366410879.39158,0,1.14583333333333,1.18202337202304,0.586407339284348,1013737977.20805,1.53521898084652,2.53434494302012,1.5256061988033,0.0135945267376673,1.21481917720088,0.0337466051196503,0.570992566998305,0.0158616698241017,1029042597.8238,15748324.6904621,2.57260649455949,0.0393708117261553,0
"66","144L_2018","Campus Point",20,1,"H",2,"Glucose_Nitrate_Phosphate",10,1.5,3.5,2018-10-16 20:00:00,FALSE,FALSE,TRUE,FALSE,NA,1366410.87939158,1366410879.39158,2018-10-15 16:30:00 UTC--2018-10-16 20:00:00 UTC,99000s (~1.15 days),1.14583333333333,544072880.440827,21.0354533430509,0.799805208582288,0,2,19.6810515626078,21.0354533430509,352672902.183531,1366410879.39158,0,1.14583333333333,1.18202337202304,0.586407339284348,1013737977.20805,3.41602719847895,2.53434494302012,3.42436772147359,0.0117952807363015,1.21481917720088,0.0337466051196503,0.570992566998305,0.0158616698241017,1029042597.8238,15748324.6904621,2.57260649455949,0.0393708117261553,0
"67","144L_2018","Campus Point",20,1,"H",3,"Glucose_Nitrate_Phosphate",10,1.5,3.5,2018-10-17 08:00:00,FALSE,FALSE,TRUE,FALSE,NA,1312103.04774723,1312103047.74723,2018-10-15 16:30:00 UTC--2018-10-17 08:00:00 UTC,142200s (~1.65 days),1.64583333333333,544072880.440827,20.9948970668743,-0.0405562761766056,0,2,19.6810515626078,21.0354533430509,352672902.183531,1366410879.39158,0,1.14583333333333,1.18202337202304,0.586407339284348,1013737977.20805,3.28025761936807,2.53434494302012,3.16658047780466,0.160763755330784,1.21481917720088,0.0337466051196503,0.570992566998305,0.0158616698241017,1029042597.8238,15748324.6904621,2.57260649455949,0.0393708117261553,0
"68","144L_2018","Campus Point",20,1,"H",4,"Glucose_Nitrate_Phosphate",10,1.5,3.5,2018-10-17 20:00:00,TRUE,TRUE,TRUE,TRUE,"144_H4_S28",1619535.40675905,1619535406.75905,2018-10-15 16:30:00 UTC--2018-10-17 20:00:00 UTC,185400s (~2.15 days),2.14583333333333,544072880.440827,21.2054051591085,0.210508092234267,0,2,19.6810515626078,21.0354533430509,352672902.183531,1366410879.39158,0,1.14583333333333,1.18202337202304,0.586407339284348,1013737977.20805,4.04883851689763,2.53434494302012,3.72418268000813,0.459132687632718,1.21481917720088,0.0337466051196503,0.570992566998305,0.0158616698241017,1029042597.8238,15748324.6904621,2.57260649455949,0.0393708117261553,0
"69","144L_2018","Campus Point",20,1,"H",5,"Glucose_Nitrate_Phosphate",10,1.5,3.5,2018-10-18 08:00:00,FALSE,FALSE,TRUE,FALSE,NA,1559568.28414247,1559568284.14247,2018-10-15 16:30:00 UTC--2018-10-18 08:00:00 UTC,228600s (~2.65 days),2.64583333333333,544072880.440827,21.1676748789737,-0.0377302801348414,0,2,19.6810515626078,21.0354533430509,352672902.183531,1366410879.39158,0,1.14583333333333,1.18202337202304,0.586407339284348,1013737977.20805,3.89892071035617,2.53434494302012,3.65658989259394,0.342707529060319,1.21481917720088,0.0337466051196503,0.570992566998305,0.0158616698241017,1029042597.8238,15748324.6904621,2.57260649455949,0.0393708117261553,0
"70","144L_2018","Campus Point",20,1,"H",6,"Glucose_Nitrate_Phosphate",10,1.5,3.5,2018-10-18 20:00:00,FALSE,FALSE,TRUE,FALSE,NA,1506645.12418269,1506645124.18269,2018-10-15 16:30:00 UTC--2018-10-18 20:00:00 UTC,271800s (~3.15 days),3.14583333333333,544072880.440827,21.1331512439114,-0.0345236350623139,0,2,19.6810515626078,21.0354533430509,352672902.183531,1366410879.39158,0,1.14583333333333,1.18202337202304,0.586407339284348,1013737977.20805,3.76661281045672,2.53434494302012,3.49081213162145,0.390041060520552,1.21481917720088,0.0337466051196503,0.570992566998305,0.0158616698241017,1029042597.8238,15748324.6904621,2.57260649455949,0.0393708117261553,0
"71","144L_2018","Campus Point",20,1,"H",7,"Glucose_Nitrate_Phosphate",10,1.5,3.5,2018-10-19 08:00:00,FALSE,FALSE,TRUE,FALSE,NA,856541.229684768,856541229.684768,2018-10-15 16:30:00 UTC--2018-10-19 08:00:00 UTC,315000s (~3.65 days),3.64583333333333,544072880.440827,20.5684130119718,-0.564738231939561,0,2,19.6810515626078,21.0354533430509,352672902.183531,1366410879.39158,0,1.14583333333333,1.18202337202304,0.586407339284348,1013737977.20805,2.14135307421192,2.53434494302012,2.25838475012401,0.165507783302125,1.21481917720088,0.0337466051196503,0.570992566998305,0.0158616698241017,1029042597.8238,15748324.6904621,2.57260649455949,0.0393708117261553,0
"72","144L_2018","Campus Point",20,1,"H",8,"Glucose_Nitrate_Phosphate",10,1.5,3.5,2018-10-19 20:00:00,TRUE,TRUE,TRUE,TRUE,"144_H8_S29",217372.844889714,217372844.889714,2018-10-15 16:30:00 UTC--2018-10-19 20:00:00 UTC,358200s (~4.15 days),4.14583333333333,544072880.440827,19.1971246163387,-1.37128839563314,0,2,19.6810515626078,21.0354533430509,352672902.183531,1366410879.39158,0,1.14583333333333,1.18202337202304,0.586407339284348,1013737977.20805,0.543432112224285,2.53434494302012,0.661301365051274,0.166692295934711,1.21481917720088,0.0337466051196503,0.570992566998305,0.0158616698241017,1029042597.8238,15748324.6904621,2.57260649455949,0.0393708117261553,0
